{
    "do_fit_scaler": false,
    "hidden_size_0": 64,
    "hidden_size_1": 64,
    "dropout": 0.33580227657891415,
    "train_batch_size": 16,
    "learning_rate": 0.01002929744550995,
    "weight_decay": 0.00007639270113621211
}